{
  "clothes": [
    {
      "id": "1",
      "title": "Classic Round Neck T-Shirt",
      "price": 69,
      "description": "123 Elevate your wardrobe with this stylish black t-shirt featuring a striking monochrome mountain range graphic. Perfect for those who love the outdoors or want to add a touch of nature-inspired design to their look, this tee is crafted from soft, breathable fabric ensuring all-day comfort. Ideal for casual outings or as a unique gift, this t-shirt is a versatile addition to any collection.",
      "images": [
        "https://i.imgur.com/QkIa5tT.jpeg",
        "https://i.imgur.com/jb5Yu0h.jpeg",
        "https://i.imgur.com/UlxxXyG.jpeg"
      ],
      "creationAt": "2024-01-12T22:08:45.000Z",
      "updatedAt": "2024-01-13T10:53:46.000Z",
      "category": {
        "id": 1,
        "name": "Clothes",
        "image": "https://i.imgur.com/QkIa5tT.jpeg",
        "creationAt": "2024-01-12T22:08:45.000Z",
        "updatedAt": "2024-01-12T22:08:45.000Z"
      }
    },
    {
      "id": "2",
      "title": "Classic Red Pullover Hoodie",
      "price": 10,
      "description": "Elevate your casual wardrobe with our Classic Red Pullover Hoodie. Crafted with a soft cotton blend for ultimate comfort, this vibrant red hoodie features a kangaroo pocket, adjustable drawstring hood, and ribbed cuffs for a snug fit. The timeless design ensures easy pairing with jeans or joggers for a relaxed yet stylish look, making it a versatile addition to your everyday attire.",
      "images": [
        "https://i.imgur.com/1twoaDy.jpeg",
        "https://i.imgur.com/FDwQgLy.jpeg",
        "https://i.imgur.com/kg1ZhhH.jpeg"
      ],
      "creationAt": "2024-01-12T22:08:45.000Z",
      "updatedAt": "2024-01-12T22:08:45.000Z",
      "category": {
        "id": 1,
        "name": "Clothes",
        "image": "https://i.imgur.com/QkIa5tT.jpeg",
        "creationAt": "2024-01-12T22:08:45.000Z",
        "updatedAt": "2024-01-12T22:08:45.000Z"
      }
    },
    {
      "id": "3",
      "title": "Classic Heather Gray Hoodie",
      "price": 69,
      "description": "Stay cozy and stylish with our Classic Heather Gray Hoodie. Crafted from soft, durable fabric, it features a kangaroo pocket, adjustable drawstring hood, and ribbed cuffs. Perfect for a casual day out or a relaxing evening in, this hoodie is a versatile addition to any wardrobe.",
      "images": [
        "https://i.imgur.com/cHddUCu.jpeg",
        "https://i.imgur.com/CFOjAgK.jpeg",
        "https://i.imgur.com/wbIMMme.jpeg"
      ],
      "creationAt": "2024-01-12T22:08:45.000Z",
      "updatedAt": "2024-01-12T22:08:45.000Z",
      "category": {
        "id": 1,
        "name": "Clothes",
        "image": "https://i.imgur.com/QkIa5tT.jpeg",
        "creationAt": "2024-01-12T22:08:45.000Z",
        "updatedAt": "2024-01-12T22:08:45.000Z"
      }
    },
    {
      "id": "4",
      "title": "Orbis factor",
      "price": 11,
      "description": "Elevate your casual wear with our Classic Grey Hooded Sweatshirt. Made from a soft cotton blend, this hoodie features a front kangaroo pocket, an adjustable drawstring hood, and ribbed cuffs for a snug fit. Perfect for those chilly evenings or lazy weekends, it pairs effortlessly with your favorite jeans or joggers.",
      "images": [
        "https://i.imgur.com/R2PN9Wq.jpeg",
        "https://i.imgur.com/IvxMPFr.jpeg",
        "https://i.imgur.com/7eW9nXP.jpeg"
      ],
      "creationAt": "2024-01-12T22:08:45.000Z",
      "updatedAt": "2024-01-13T10:56:26.000Z",
      "category": {
        "id": 1,
        "name": "Clothes",
        "image": "https://i.imgur.com/QkIa5tT.jpeg",
        "creationAt": "2024-01-12T22:08:45.000Z",
        "updatedAt": "2024-01-12T22:08:45.000Z"
      }
    },
    {
      "id": "6",
      "title": "Classic Comfort Fit Joggers",
      "price": 25,
      "description": "Discover the perfect blend of style and comfort with our Classic Comfort Fit Joggers. These versatile black joggers feature a soft elastic waistband with an adjustable drawstring, two side pockets, and ribbed ankle cuffs for a secure fit. Made from a lightweight and durable fabric, they are ideal for both active days and relaxed lounging.",
      "images": [
        "https://i.imgur.com/ZKGofuB.jpeg",
        "https://i.imgur.com/GJi73H0.jpeg",
        "https://i.imgur.com/633Fqrz.jpeg"
      ],
      "creationAt": "2024-01-12T22:08:45.000Z",
      "updatedAt": "2024-01-12T22:08:45.000Z",
      "category": {
        "id": 1,
        "name": "Clothes",
        "image": "https://i.imgur.com/QkIa5tT.jpeg",
        "creationAt": "2024-01-12T22:08:45.000Z",
        "updatedAt": "2024-01-12T22:08:45.000Z"
      }
    },
    {
      "id": "8",
      "title": "Classic Red Jogger Sweatpants",
      "price": 98,
      "description": "Experience ultimate comfort with our red jogger sweatpants, perfect for both workout sessions and lounging around the house. Made with soft, durable fabric, these joggers feature a snug waistband, adjustable drawstring, and practical side pockets for functionality. Their tapered design and elastic cuffs offer a modern fit that keeps you looking stylish on the go.",
      "images": [
        "https://i.imgur.com/9LFjwpI.jpeg",
        "https://i.imgur.com/vzrTgUR.jpeg",
        "https://i.imgur.com/p5NdI6n.jpeg"
      ],
      "creationAt": "2024-01-12T22:08:45.000Z",
      "updatedAt": "2024-01-12T22:08:45.000Z",
      "category": {
        "id": 1,
        "name": "Clothes",
        "image": "https://i.imgur.com/QkIa5tT.jpeg",
        "creationAt": "2024-01-12T22:08:45.000Z",
        "updatedAt": "2024-01-12T22:08:45.000Z"
      }
    },
    {
      "id": "9",
      "title": "Classic Navy Blue Baseball Cap",
      "price": 61,
      "description": "Step out in style with this sleek navy blue baseball cap. Crafted from durable material, it features a smooth, structured design and an adjustable strap for the perfect fit. Protect your eyes from the sun and complement your casual looks with this versatile and timeless accessory.",
      "images": [
        "https://i.imgur.com/R3iobJA.jpeg",
        "https://i.imgur.com/Wv2KTsf.jpeg",
        "https://i.imgur.com/76HAxcA.jpeg"
      ],
      "creationAt": "2024-01-12T22:08:45.000Z",
      "updatedAt": "2024-01-12T22:08:45.000Z",
      "category": {
        "id": 1,
        "name": "Clothes",
        "image": "https://i.imgur.com/QkIa5tT.jpeg",
        "creationAt": "2024-01-12T22:08:45.000Z",
        "updatedAt": "2024-01-12T22:08:45.000Z"
      }
    },
    {
      "id": "10",
      "title": "Classic Blue Baseball Cap",
      "price": 86,
      "description": "Top off your casual look with our Classic Blue Baseball Cap, made from high-quality materials for lasting comfort. Featuring a timeless six-panel design with a pre-curved visor, this adjustable cap offers both style and practicality for everyday wear.",
      "images": [
        "https://i.imgur.com/wXuQ7bm.jpeg",
        "https://i.imgur.com/BZrIEmb.jpeg",
        "https://i.imgur.com/KcT6BE0.jpeg"
      ],
      "creationAt": "2024-01-12T22:08:45.000Z",
      "updatedAt": "2024-01-12T22:08:45.000Z",
      "category": {
        "id": 1,
        "name": "Clothes",
        "image": "https://i.imgur.com/QkIa5tT.jpeg",
        "creationAt": "2024-01-12T22:08:45.000Z",
        "updatedAt": "2024-01-12T22:08:45.000Z"
      }
    },
    {
      "id": "11",
      "title": "Classic Red Baseball Cap",
      "price": 35,
      "description": "Elevate your casual wardrobe with this timeless red baseball cap. Crafted from durable fabric, it features a comfortable fit with an adjustable strap at the back, ensuring one size fits all. Perfect for sunny days or adding a sporty touch to your outfit.",
      "images": [
        "https://i.imgur.com/cBuLvBi.jpeg",
        "https://i.imgur.com/N1GkCIR.jpeg",
        "https://i.imgur.com/kKc9A5p.jpeg"
      ],
      "creationAt": "2024-01-12T22:08:45.000Z",
      "updatedAt": "2024-01-12T22:08:45.000Z",
      "category": {
        "id": 1,
        "name": "Clothes",
        "image": "https://i.imgur.com/QkIa5tT.jpeg",
        "creationAt": "2024-01-12T22:08:45.000Z",
        "updatedAt": "2024-01-12T22:08:45.000Z"
      }
    },
    {
      "id": "12",
      "title": "Classic Black Baseball Cap",
      "price": 58,
      "description": "Elevate your casual wear with this timeless black baseball cap. Made with high-quality, breathable fabric, it features an adjustable strap for the perfect fit. Whether you’re out for a jog or just running errands, this cap adds a touch of style to any outfit.",
      "images": [
        "https://i.imgur.com/KeqG6r4.jpeg",
        "https://i.imgur.com/xGQOw3p.jpeg",
        "https://i.imgur.com/oO5OUjb.jpeg"
      ],
      "creationAt": "2024-01-12T22:08:45.000Z",
      "updatedAt": "2024-01-12T22:08:45.000Z",
      "category": {
        "id": 1,
        "name": "Clothes",
        "image": "https://i.imgur.com/QkIa5tT.jpeg",
        "creationAt": "2024-01-12T22:08:45.000Z",
        "updatedAt": "2024-01-12T22:08:45.000Z"
      }
    },
    {
      "id": "13",
      "title": "Classic Olive Chino Shorts",
      "price": 84,
      "description": "Elevate your casual wardrobe with these classic olive chino shorts. Designed for comfort and versatility, they feature a smooth waistband, practical pockets, and a tailored fit that makes them perfect for both relaxed weekends and smart-casual occasions. The durable fabric ensures they hold up throughout your daily activities while maintaining a stylish look.",
      "images": [
        "https://i.imgur.com/UsFIvYs.jpeg",
        "https://i.imgur.com/YIq57b6.jpeg"
      ],
      "creationAt": "2024-01-12T22:08:45.000Z",
      "updatedAt": "2024-01-12T22:08:45.000Z",
      "category": {
        "id": 1,
        "name": "Clothes",
        "image": "https://i.imgur.com/QkIa5tT.jpeg",
        "creationAt": "2024-01-12T22:08:45.000Z",
        "updatedAt": "2024-01-12T22:08:45.000Z"
      }
    },
    {
      "id": "14",
      "title": "Classic High-Waisted Athletic Shorts",
      "price": 43,
      "description": "Stay comfortable and stylish with our Classic High-Waisted Athletic Shorts. Designed for optimal movement and versatility, these shorts are a must-have for your workout wardrobe. Featuring a figure-flattering high waist, breathable fabric, and a secure fit that ensures they stay in place during any activity, these shorts are perfect for the gym, running, or even just casual wear.",
      "images": [
        "https://i.imgur.com/eGOUveI.jpeg",
        "https://i.imgur.com/UcsGO7E.jpeg",
        "https://i.imgur.com/NLn4e7S.jpeg"
      ],
      "creationAt": "2024-01-12T22:08:45.000Z",
      "updatedAt": "2024-01-12T22:08:45.000Z",
      "category": {
        "id": 1,
        "name": "Clothes",
        "image": "https://i.imgur.com/QkIa5tT.jpeg",
        "creationAt": "2024-01-12T22:08:45.000Z",
        "updatedAt": "2024-01-12T22:08:45.000Z"
      }
    },
    {
      "id": "15",
      "title": "Classic White Crew Neck T-Shirt",
      "price": 39,
      "description": "Elevate your basics with this versatile white crew neck tee. Made from a soft, breathable cotton blend, it offers both comfort and durability. Its sleek, timeless design ensures it pairs well with virtually any outfit. Ideal for layering or wearing on its own, this t-shirt is a must-have staple for every wardrobe.",
      "images": [
        "https://i.imgur.com/axsyGpD.jpeg",
        "https://i.imgur.com/T8oq9X2.jpeg",
        "https://i.imgur.com/J6MinJn.jpeg"
      ],
      "creationAt": "2024-01-12T22:08:45.000Z",
      "updatedAt": "2024-01-12T22:08:45.000Z",
      "category": {
        "id": 1,
        "name": "Clothes",
        "image": "https://i.imgur.com/QkIa5tT.jpeg",
        "creationAt": "2024-01-12T22:08:45.000Z",
        "updatedAt": "2024-01-12T22:08:45.000Z"
      }
    },
    {
      "id": "16",
      "title": "Classic White Tee - Timeless Style and Comfort",
      "price": 73,
      "description": "Elevate your everyday wardrobe with our Classic White Tee. Crafted from premium soft cotton material, this versatile t-shirt combines comfort with durability, perfect for daily wear. Featuring a relaxed, unisex fit that flatters every body type, it's a staple piece for any casual ensemble. Easy to care for and machine washable, this white tee retains its shape and softness wash after wash. Pair it with your favorite jeans or layer it under a jacket for a smart look.",
      "images": [
        "https://i.imgur.com/Y54Bt8J.jpeg",
        "https://i.imgur.com/SZPDSgy.jpeg",
        "https://i.imgur.com/sJv4Xx0.jpeg"
      ],
      "creationAt": "2024-01-12T22:08:45.000Z",
      "updatedAt": "2024-01-12T22:08:45.000Z",
      "category": {
        "id": 1,
        "name": "Clothes",
        "image": "https://i.imgur.com/QkIa5tT.jpeg",
        "creationAt": "2024-01-12T22:08:45.000Z",
        "updatedAt": "2024-01-12T22:08:45.000Z"
      }
    },
    {
      "id": "17",
      "title": "Classic Black T-Shirt",
      "price": 35,
      "description": "Elevate your everyday style with our Classic Black T-Shirt. This staple piece is crafted from soft, breathable cotton for all-day comfort. Its versatile design features a classic crew neck and short sleeves, making it perfect for layering or wearing on its own. Durable and easy to care for, it's sure to become a favorite in your wardrobe.",
      "images": [
        "https://i.imgur.com/9DqEOV5.jpeg",
        "https://i.imgur.com/ae0AEYn.jpeg",
        "https://i.imgur.com/mZ4rUjj.jpeg"
      ],
      "creationAt": "2024-01-12T22:08:45.000Z",
      "updatedAt": "2024-01-12T22:08:45.000Z",
      "category": {
        "id": 1,
        "name": "Clothes",
        "image": "https://i.imgur.com/QkIa5tT.jpeg",
        "creationAt": "2024-01-12T22:08:45.000Z",
        "updatedAt": "2024-01-12T22:08:45.000Z"
      }
    }
  ],
  "electronics": [
    {
      "id": "18",
      "title": "Sleek White & Orange Wireless Gaming Controller",
      "price": 69,
      "description": "Elevate your gaming experience with this state-of-the-art wireless controller, featuring a crisp white base with vibrant orange accents. Designed for precision play, the ergonomic shape and responsive buttons provide maximum comfort and control for endless hours of gameplay. Compatible with multiple gaming platforms, this controller is a must-have for any serious gamer looking to enhance their setup.",
      "images": [
        "https://i.imgur.com/ZANVnHE.jpeg",
        "https://i.imgur.com/Ro5z6Tn.jpeg",
        "https://i.imgur.com/woA93Li.jpeg"
      ],
      "creationAt": "2024-01-12T22:08:45.000Z",
      "updatedAt": "2024-01-12T22:08:45.000Z",
      "category": {
        "id": 2,
        "name": "Electronics",
        "image": "https://i.imgur.com/ZANVnHE.jpeg",
        "creationAt": "2024-01-12T22:08:45.000Z",
        "updatedAt": "2024-01-12T22:08:45.000Z"
      }
    },
    {
      "id": "19",
      "title": "Sleek Wireless Headphone & Inked Earbud Set",
      "price": 44,
      "description": "Experience the fusion of style and sound with this sophisticated audio set featuring a pair of sleek, white wireless headphones offering crystal-clear sound quality and over-ear comfort. The set also includes a set of durable earbuds, perfect for an on-the-go lifestyle. Elevate your music enjoyment with this versatile duo, designed to cater to all your listening needs.",
      "images": [
        "https://i.imgur.com/yVeIeDa.jpeg",
        "https://i.imgur.com/jByJ4ih.jpeg",
        "https://i.imgur.com/KXj6Tpb.jpeg"
      ],
      "creationAt": "2024-01-12T22:08:45.000Z",
      "updatedAt": "2024-01-12T22:08:45.000Z",
      "category": {
        "id": 2,
        "name": "Electronics",
        "image": "https://i.imgur.com/ZANVnHE.jpeg",
        "creationAt": "2024-01-12T22:08:45.000Z",
        "updatedAt": "2024-01-12T22:08:45.000Z"
      }
    },
    {
      "id": "20",
      "title": "Sleek Comfort-Fit Over-Ear Headphones",
      "price": 28,
      "description": "Experience superior sound quality with our Sleek Comfort-Fit Over-Ear Headphones, designed for prolonged use with cushioned ear cups and an adjustable, padded headband. Ideal for immersive listening, whether you're at home, in the office, or on the move. Their durable construction and timeless design provide both aesthetically pleasing looks and long-lasting performance.",
      "images": [
        "https://i.imgur.com/SolkFEB.jpeg",
        "https://i.imgur.com/KIGW49u.jpeg",
        "https://i.imgur.com/mWwek7p.jpeg"
      ],
      "creationAt": "2024-01-12T22:08:45.000Z",
      "updatedAt": "2024-01-12T22:08:45.000Z",
      "category": {
        "id": 2,
        "name": "Electronics",
        "image": "https://i.imgur.com/ZANVnHE.jpeg",
        "creationAt": "2024-01-12T22:08:45.000Z",
        "updatedAt": "2024-01-12T22:08:45.000Z"
      }
    },
    {
      "id": "21",
      "title": "Efficient 2-Slice Toaster",
      "price": 48,
      "description": "Enhance your morning routine with our sleek 2-slice toaster, featuring adjustable browning controls and a removable crumb tray for easy cleaning. This compact and stylish appliance is perfect for any kitchen, ensuring your toast is always golden brown and delicious.",
      "images": [
        "https://i.imgur.com/keVCVIa.jpeg",
        "https://i.imgur.com/afHY7v2.jpeg",
        "https://i.imgur.com/yAOihUe.jpeg"
      ],
      "creationAt": "2024-01-12T22:08:45.000Z",
      "updatedAt": "2024-01-12T22:08:45.000Z",
      "category": {
        "id": 2,
        "name": "Electronics",
        "image": "https://i.imgur.com/ZANVnHE.jpeg",
        "creationAt": "2024-01-12T22:08:45.000Z",
        "updatedAt": "2024-01-12T22:08:45.000Z"
      }
    },
    {
      "id": "22",
      "title": "Sleek Wireless Computer Mouse",
      "price": 10,
      "description": "Experience smooth and precise navigation with this modern wireless mouse, featuring a glossy finish and a comfortable ergonomic design. Its responsive tracking and easy-to-use interface make it the perfect accessory for any desktop or laptop setup. The stylish blue hue adds a splash of color to your workspace, while its compact size ensures it fits neatly in your bag for on-the-go productivity.",
      "images": [
        "https://i.imgur.com/w3Y8NwQ.jpeg",
        "https://i.imgur.com/WJFOGIC.jpeg",
        "https://i.imgur.com/dV4Nklf.jpeg"
      ],
      "creationAt": "2024-01-12T22:08:45.000Z",
      "updatedAt": "2024-01-12T22:08:45.000Z",
      "category": {
        "id": 2,
        "name": "Electronics",
        "image": "https://i.imgur.com/ZANVnHE.jpeg",
        "creationAt": "2024-01-12T22:08:45.000Z",
        "updatedAt": "2024-01-12T22:08:45.000Z"
      }
    },
    {
      "id": "23",
      "title": "Sleek Modern Laptop with Ambient Lighting",
      "price": 43,
      "description": "Experience next-level computing with our ultra-slim laptop, featuring a stunning display illuminated by ambient lighting. This high-performance machine is perfect for both work and play, delivering powerful processing in a sleek, portable design. The vibrant colors add a touch of personality to your tech collection, making it as stylish as it is functional.",
      "images": [
        "https://i.imgur.com/OKn1KFI.jpeg",
        "https://i.imgur.com/G4f21Ai.jpeg",
        "https://i.imgur.com/Z9oKRVJ.jpeg"
      ],
      "creationAt": "2024-01-12T22:08:45.000Z",
      "updatedAt": "2024-01-12T22:08:45.000Z",
      "category": {
        "id": 2,
        "name": "Electronics",
        "image": "https://i.imgur.com/ZANVnHE.jpeg",
        "creationAt": "2024-01-12T22:08:45.000Z",
        "updatedAt": "2024-01-12T22:08:45.000Z"
      }
    },
    {
      "id": "24",
      "title": "Sleek Modern Laptop for Professionals",
      "price": 97,
      "description": "Experience cutting-edge technology and elegant design with our latest laptop model. Perfect for professionals on-the-go, this high-performance laptop boasts a powerful processor, ample storage, and a long-lasting battery life, all encased in a lightweight, slim frame for ultimate portability. Shop now to elevate your work and play.",
      "images": [
        "https://i.imgur.com/ItHcq7o.jpeg",
        "https://i.imgur.com/55GM3XZ.jpeg",
        "https://i.imgur.com/tcNJxoW.jpeg"
      ],
      "creationAt": "2024-01-12T22:08:45.000Z",
      "updatedAt": "2024-01-12T22:08:45.000Z",
      "category": {
        "id": 2,
        "name": "Electronics",
        "image": "https://i.imgur.com/ZANVnHE.jpeg",
        "creationAt": "2024-01-12T22:08:45.000Z",
        "updatedAt": "2024-01-12T22:08:45.000Z"
      }
    },
    {
      "id": "25",
      "title": "Stylish Red & Silver Over-Ear Headphones",
      "price": 39,
      "description": "Immerse yourself in superior sound quality with these sleek red and silver over-ear headphones. Designed for comfort and style, the headphones feature cushioned ear cups, an adjustable padded headband, and a detachable red cable for easy storage and portability. Perfect for music lovers and audiophiles who value both appearance and audio fidelity.",
      "images": [
        "https://i.imgur.com/YaSqa06.jpeg",
        "https://i.imgur.com/isQAliJ.jpeg",
        "https://i.imgur.com/5B8UQfh.jpeg"
      ],
      "creationAt": "2024-01-12T22:08:45.000Z",
      "updatedAt": "2024-01-12T22:08:45.000Z",
      "category": {
        "id": 2,
        "name": "Electronics",
        "image": "https://i.imgur.com/ZANVnHE.jpeg",
        "creationAt": "2024-01-12T22:08:45.000Z",
        "updatedAt": "2024-01-12T22:08:45.000Z"
      }
    },
    {
      "id": "26",
      "title": "Sleek Mirror Finish Phone Case",
      "price": 27,
      "description": "Enhance your smartphone's look with this ultra-sleek mirror finish phone case. Designed to offer style with protection, the case features a reflective surface that adds a touch of elegance while keeping your device safe from scratches and impacts. Perfect for those who love a minimalist and modern aesthetic.",
      "images": [
        "https://i.imgur.com/yb9UQKL.jpeg",
        "https://i.imgur.com/m2owtQG.jpeg",
        "https://i.imgur.com/bNiORct.jpeg"
      ],
      "creationAt": "2024-01-12T22:08:45.000Z",
      "updatedAt": "2024-01-12T22:08:45.000Z",
      "category": {
        "id": 2,
        "name": "Electronics",
        "image": "https://i.imgur.com/ZANVnHE.jpeg",
        "creationAt": "2024-01-12T22:08:45.000Z",
        "updatedAt": "2024-01-12T22:08:45.000Z"
      }
    },
    {
      "id": "27",
      "title": "Sleek Smartwatch with Vibrant Display",
      "price": 16,
      "description": "Experience modern timekeeping with our high-tech smartwatch, featuring a vivid touch screen display, customizable watch faces, and a comfortable blue silicone strap. This smartwatch keeps you connected with notifications and fitness tracking while showcasing exceptional style and versatility.",
      "images": [
        "https://i.imgur.com/LGk9Jn2.jpeg",
        "https://i.imgur.com/1ttYWaI.jpeg",
        "https://i.imgur.com/sPRWnJH.jpeg"
      ],
      "creationAt": "2024-01-12T22:08:45.000Z",
      "updatedAt": "2024-01-12T22:08:45.000Z",
      "category": {
        "id": 2,
        "name": "Electronics",
        "image": "https://i.imgur.com/ZANVnHE.jpeg",
        "creationAt": "2024-01-12T22:08:45.000Z",
        "updatedAt": "2024-01-12T22:08:45.000Z"
      }
    }
  ],
  "furniture": [
    {
      "id": "28",
      "title": "Sleek Modern Leather Sofa",
      "price": 53,
      "description": "Enhance the elegance of your living space with our Sleek Modern Leather Sofa. Designed with a minimalist aesthetic, it features clean lines and a luxurious leather finish. The robust metal legs provide stability and support, while the plush cushions ensure comfort. Perfect for contemporary homes or office waiting areas, this sofa is a statement piece that combines style with practicality.",
      "images": [
        "https://i.imgur.com/Qphac99.jpeg",
        "https://i.imgur.com/dJjpEgG.jpeg",
        "https://i.imgur.com/MxJyADq.jpeg"
      ],
      "creationAt": "2024-01-12T22:08:45.000Z",
      "updatedAt": "2024-01-12T22:08:45.000Z",
      "category": {
        "id": 3,
        "name": "Furniture",
        "image": "https://i.imgur.com/Qphac99.jpeg",
        "creationAt": "2024-01-12T22:08:45.000Z",
        "updatedAt": "2024-01-12T23:55:30.000Z"
      }
    },
    {
      "id": "29",
      "title": "Mid-Century Wooden Dining Table",
      "price": 24,
      "description": "Elevate your dining room with this sleek Mid-Century Modern dining table, featuring an elegant walnut finish and tapered legs for a timeless aesthetic. Its sturdy wood construction and minimalist design make it a versatile piece that fits with a variety of decor styles. Perfect for intimate dinners or as a stylish spot for your morning coffee.",
      "images": [
        "https://i.imgur.com/DMQHGA0.jpeg",
        "https://i.imgur.com/qrs9QBg.jpeg",
        "https://i.imgur.com/XVp8T1I.jpeg"
      ],
      "creationAt": "2024-01-12T22:08:45.000Z",
      "updatedAt": "2024-01-12T22:08:45.000Z",
      "category": {
        "id": 3,
        "name": "Furniture",
        "image": "https://i.imgur.com/Qphac99.jpeg",
        "creationAt": "2024-01-12T22:08:45.000Z",
        "updatedAt": "2024-01-12T23:55:30.000Z"
      }
    },
    {
      "id": "30",
      "title": "Golden-Base Stone Dining Table",
      "price": 66,
      "description": "Elevate your dining space with this luxurious table, featuring a sturdy golden metal base with an intricate rod design that provides both stability and chic elegance. The smooth stone top in a sleek round shape offers a robust surface for your dining pleasure. Perfect for both everyday meals and special occasions, this table easily complements any modern or glam decor.",
      "images": [
        "https://i.imgur.com/NWIJKUj.jpeg",
        "https://i.imgur.com/Jn1YSLk.jpeg",
        "https://i.imgur.com/VNZRvx5.jpeg"
      ],
      "creationAt": "2024-01-12T22:08:45.000Z",
      "updatedAt": "2024-01-12T22:08:45.000Z",
      "category": {
        "id": 3,
        "name": "Furniture",
        "image": "https://i.imgur.com/Qphac99.jpeg",
        "creationAt": "2024-01-12T22:08:45.000Z",
        "updatedAt": "2024-01-12T23:55:30.000Z"
      }
    },
    {
      "id": "31",
      "title": "Modern Elegance Teal Armchair",
      "price": 25,
      "description": "Elevate your living space with this beautifully crafted armchair, featuring a sleek wooden frame that complements its vibrant teal upholstery. Ideal for adding a pop of color and contemporary style to any room, this chair provides both superb comfort and sophisticated design. Perfect for reading, relaxing, or creating a cozy conversation nook.",
      "images": [
        "https://i.imgur.com/6wkyyIN.jpeg",
        "https://i.imgur.com/Ald3Rec.jpeg",
        "https://i.imgur.com/dIqo03c.jpeg"
      ],
      "creationAt": "2024-01-12T22:08:45.000Z",
      "updatedAt": "2024-01-12T22:08:45.000Z",
      "category": {
        "id": 3,
        "name": "Furniture",
        "image": "https://i.imgur.com/Qphac99.jpeg",
        "creationAt": "2024-01-12T22:08:45.000Z",
        "updatedAt": "2024-01-12T23:55:30.000Z"
      }
    },
    {
      "id": "32",
      "title": "Elegant Wood Dining Table",
      "price": 67,
      "description": "Enhance your dining space with this sleek, contemporary dining table, crafted from high-quality solid wood with a warm finish. Its sturdy construction and minimalist design make it a perfect addition for any home looking for a touch of elegance. Accommodates up to six guests comfortably and includes a striking fruit bowl centerpiece. The overhead lighting is not included.",
      "images": [
        "https://i.imgur.com/4lTaHfF.jpeg",
        "https://i.imgur.com/JktHE1C.jpeg",
        "https://i.imgur.com/cQeXQMi.jpeg"
      ],
      "creationAt": "2024-01-12T22:08:45.000Z",
      "updatedAt": "2024-01-12T22:08:45.000Z",
      "category": {
        "id": 3,
        "name": "Furniture",
        "image": "https://i.imgur.com/Qphac99.jpeg",
        "creationAt": "2024-01-12T22:08:45.000Z",
        "updatedAt": "2024-01-12T23:55:30.000Z"
      }
    },
    {
      "id": "33",
      "title": "Modern Minimalist Workstation Setup",
      "price": 49,
      "description": "Elevate your home office with our Modern Minimalist Workstation Setup, featuring a sleek wooden desk topped with an elegant computer, stylish adjustable wooden desk lamp, and complimentary accessories for a clean, productive workspace. This setup is perfect for professionals seeking a contemporary look that combines functionality with design.",
      "images": [
        "https://i.imgur.com/3oXNBst.jpeg",
        "https://i.imgur.com/ErYYZnT.jpeg",
        "https://i.imgur.com/boBPwYW.jpeg"
      ],
      "creationAt": "2024-01-12T22:08:45.000Z",
      "updatedAt": "2024-01-12T22:08:45.000Z",
      "category": {
        "id": 3,
        "name": "Furniture",
        "image": "https://i.imgur.com/Qphac99.jpeg",
        "creationAt": "2024-01-12T22:08:45.000Z",
        "updatedAt": "2024-01-12T23:55:30.000Z"
      }
    },
    {
      "id": "34",
      "title": "Modern Ergonomic Office Chair",
      "price": 71,
      "description": "Elevate your office space with this sleek and comfortable Modern Ergonomic Office Chair. Designed to provide optimal support throughout the workday, it features an adjustable height mechanism, smooth-rolling casters for easy mobility, and a cushioned seat for extended comfort. The clean lines and minimalist white design make it a versatile addition to any contemporary workspace.",
      "images": [
        "https://i.imgur.com/3dU0m72.jpeg",
        "https://i.imgur.com/zPU3EVa.jpeg"
      ],
      "creationAt": "2024-01-12T22:08:45.000Z",
      "updatedAt": "2024-01-12T22:08:45.000Z",
      "category": {
        "id": 3,
        "name": "Furniture",
        "image": "https://i.imgur.com/Qphac99.jpeg",
        "creationAt": "2024-01-12T22:08:45.000Z",
        "updatedAt": "2024-01-12T23:55:30.000Z"
      }
    }
  ],
  "luxuryItems": [
    {
      "id": "45",
      "title": "Sleek Futuristic Electric Bicycle",
      "price": "20",
      "description": "This modern electric bicycle combines style and efficiency with its unique design and top-notch performance features. Equipped with a durable frame, enhanced battery life, and integrated tech capabilities, it's perfect for the eco-conscious commuter looking to navigate the city with ease.",
      "images": [
        "https://i.imgur.com/BG8J0Fj.jpg",
        "https://i.imgur.com/ujHBpCX.jpg",
        "https://i.imgur.com/WHeVL9H.jpg"
      ],
      "creationAt": "2024-01-12T22:08:45.000Z",
      "updatedAt": "2024-01-12T22:08:45.000Z",
      "category": {
        "id": 5,
        "name": "Luxury-items",
        "image": "https://i.imgur.com/BG8J0Fj.jpg",
        "creationAt": "2024-01-12T22:08:45.000Z",
        "updatedAt": "2024-01-12T22:15:41.000Z"
      }
    },
    {
      "id": "46",
      "title": "Sleek All-Terrain Go-Kart",
      "price": "25",
      "description": "Experience the thrill of outdoor adventures with our Sleek All-Terrain Go-Kart, featuring a durable frame, comfortable racing seat, and robust, large-tread tires perfect for handling a variety of terrains. Designed for fun-seekers of all ages, this go-kart is an ideal choice for backyard racing or exploring local trails.",
      "images": [
        "https://i.imgur.com/Ex5x3IU.jpg",
        "https://i.imgur.com/z7wAQwe.jpg",
        "https://i.imgur.com/kc0Dj9S.jpg"
      ],
      "creationAt": "2024-01-12T22:08:45.000Z",
      "updatedAt": "2024-01-12T22:08:45.000Z",
      "category": {
        "id": 5,
        "name": "Luxury-items",
        "image": "https://i.imgur.com/BG8J0Fj.jpg",
        "creationAt": "2024-01-12T22:08:45.000Z",
        "updatedAt": "2024-01-12T22:15:41.000Z"
      }
    },
    {
      "id": "47",
      "title": "Radiant Citrus Perfume",
      "price": "10",
      "description": "Indulge in the essence of summer with this vibrant citrus-scented Eau de Parfum. Encased in a sleek glass bottle with a bold orange cap, this fragrance embodies freshness and elegance. Perfect for daily wear, it's an olfactory delight that leaves a lasting, zesty impression.",
      "images": [
        "https://i.imgur.com/xPDwUb3.jpg",
        "https://i.imgur.com/3rfp691.jpg",
        "https://i.imgur.com/kG05a29.jpg"
      ],
      "creationAt": "2024-01-12T22:08:45.000Z",
      "updatedAt": "2024-01-12T22:08:45.000Z",
      "category": {
        "id": 5,
        "name": "Luxury-items",
        "image": "https://i.imgur.com/BG8J0Fj.jpg",
        "creationAt": "2024-01-12T22:08:45.000Z",
        "updatedAt": "2024-01-12T22:15:41.000Z"
      }
    },
    {
      "id": "48",
      "title": "Sleek Hardshell Carry Luggage",
      "price": "20",
      "description": "Travel in style with our durable hardshell carry-on, perfect for weekend getaways and business trips. This sleek olive green suitcase features smooth gliding wheels for easy airport navigation, a sturdy telescopic handle, and a secure zippered compartment to keep your belongings safe. Its compact size meets most airline overhead bin requirements, ensuring a hassle-free flying experience.",
      "images": [
        "https://i.imgur.com/jVfoZnP.jpg",
        "https://i.imgur.com/Tnl15XK.jpg",
        "https://i.imgur.com/7OqTPO6.jpg"
      ],
      "creationAt": "2024-01-12T22:08:45.000Z",
      "updatedAt": "2024-01-12T22:08:45.000Z",
      "category": {
        "id": 5,
        "name": "Luxury-items",
        "image": "https://i.imgur.com/BG8J0Fj.jpg",
        "creationAt": "2024-01-12T22:08:45.000Z",
        "updatedAt": "2024-01-12T22:15:41.000Z"
      }
    },
    {
      "id": "49",
      "title": "Chic Transparent Fashion Handbag",
      "price": "30",
      "description": "Elevate your style with our Chic Transparent Fashion Handbag, perfect for showcasing your essentials with a clear, modern edge. This trendy accessory features durable acrylic construction, luxe gold-tone hardware, and an elegant chain strap. Its compact size ensures you can carry your day-to-day items with ease and sophistication.",
      "images": [
        "https://i.imgur.com/Lqaqz59.jpg",
        "https://i.imgur.com/uSqWK0m.jpg",
        "https://i.imgur.com/atWACf1.jpg"
      ],
      "creationAt": "2024-01-12T22:08:45.000Z",
      "updatedAt": "2024-01-12T22:08:45.000Z",
      "category": {
        "id": 5,
        "name": "Luxury-items",
        "image": "https://i.imgur.com/BG8J0Fj.jpg",
        "creationAt": "2024-01-12T22:08:45.000Z",
        "updatedAt": "2024-01-12T22:15:41.000Z"
      }
    },
    {
      "id": "50",
      "title": "Pink-Tinted Sunglasses",
      "price": "40",
      "description": "Step up your style game with these fashionable black-framed, pink-tinted sunglasses. Perfect for making a statement while protecting your eyes from the glare. Their bold color and contemporary design make these shades a must-have accessory for any trendsetter looking to add a pop of color to their ensemble.",
      "images": [
        "https://i.imgur.com/0qQBkxX.jpg",
        "https://i.imgur.com/I5g1DoE.jpg",
        "https://i.imgur.com/myfFQBW.jpg"
      ],
      "creationAt": "2024-01-12T22:08:45.000Z",
      "updatedAt": "2024-01-12T22:08:45.000Z",
      "category": {
        "id": 5,
        "name": "Luxury-items",
        "image": "https://i.imgur.com/BG8J0Fj.jpg",
        "creationAt": "2024-01-12T22:08:45.000Z",
        "updatedAt": "2024-01-12T22:15:41.000Z"
      }
    },
    {
      "id": "51",
      "title": "Elegant Glass Tumbler Set",
      "price": "40",
      "description": "Enhance your drinkware collection with our sophisticated set of glass tumblers, perfect for serving your favorite beverages. This versatile set includes both clear and subtly tinted glasses, lending a modern touch to any table setting. Crafted with quality materials, these durable tumblers are designed to withstand daily use while maintaining their elegant appeal.",
      "images": [
        "https://i.imgur.com/TF0pXdL.jpg",
        "https://i.imgur.com/BLDByXP.jpg",
        "https://i.imgur.com/b7trwCv.jpg"
      ],
      "creationAt": "2024-01-12T22:08:45.000Z",
      "updatedAt": "2024-01-12T22:08:45.000Z",
      "category": {
        "id": 5,
        "name": "Luxury-items",
        "image": "https://i.imgur.com/BG8J0Fj.jpg",
        "creationAt": "2024-01-12T22:08:45.000Z",
        "updatedAt": "2024-01-12T22:15:41.000Z"
      }
    }
  ],
  "shoes": [
    {
      "id": "1001",
      "title": "Adidas Ultraboost",
      "price": "150",
      "description": "The Adidas Ultraboost is a premium running shoe featuring responsive cushioning and a lightweight design, perfect for long-distance runs.",
      "images": [
        "https://m.media-amazon.com/images/I/615+Fp4KoTL._AC_UL480_FMwebp_QL65_.jpg",
        "https://th.bing.com/th/id/OIP.elTlWog2dPb_juraBcoQbAHaFM?w=274&h=192&c=7&r=0&o=5&dpr=1.4&pid=1.7",
        "https://th.bing.com/th/id/OIP.mrQRTI-lj0rYIxPpX5iRYQHaEu?w=303&h=192&c=7&r=0&o=5&dpr=1.4&pid=1.7"
      ],
      "category": "Adidas"
    },
    {
      "id": "1002",
      "title": "Nike Air Max 270",
      "price": "130",
      "description": "The Nike Air Max 270 offers a blend of style and comfort with its sleek design and innovative Air Max cushioning, making it ideal for casual wear.",
      "images": [
        "https://static.nike.com/a/images/t_PDP_1280_v1/f_auto,q_auto:eco/exn6uzjzpgbfkb9kputr/air-max-270-mens-shoes-KkLcGR.png",
        "https://example.com/nike_air_max_270_2.jpg"
      ],
      "category": "Nike"
    },
    {
      "id": "1003",
      "title": "Puma Future Rider",
      "price": "90",
      "description": "The Puma Future Rider combines retro style with modern comfort, featuring a cushioned midsole and vibrant colorways.",
      "images": [
        "https://example.com/puma_future_rider_1.jpg",
        "https://example.com/puma_future_rider_2.jpg"
      ],
      "category": "Puma"
    },
    {
      "id": "1004",
      "title": "Lacoste Carnaby Evo",
      "price": "100",
      "description": "The Lacoste Carnaby Evo is a classic tennis-inspired sneaker crafted with premium leather and finished with the iconic crocodile logo.",
      "images": [
        "https://example.com/lacoste_carnaby_evo_1.jpg",
        "https://example.com/lacoste_carnaby_evo_2.jpg"
      ],
      "category": "Lacoste"
    },
    {
      "id": "1005",
      "title": "Adidas Superstar",
      "price": "80",
      "description": "The Adidas Superstar is a timeless classic known for its iconic shell-toe design and durable construction, suitable for everyday wear.",
      "images": [
        "https://example.com/adidas_superstar_1.jpg",
        "https://example.com/adidas_superstar_2.jpg"
      ],
      "category": "Adidas"
    },
    {
      "id": "1006",
      "title": "Nike Air Force 1",
      "price": "100",
      "description": "The Nike Air Force 1 is a streetwear staple featuring a clean and versatile design, making it a must-have in any sneaker collection.",
      "images": [
        "https://example.com/nike_air_force_1_1.jpg",
        "https://example.com/nike_air_force_1_2.jpg"
      ],
      "category": "Nike"
    },
    {
      "id": "1007",
      "title": "Puma Suede Classic",
      "price": "70",
      "description": "The Puma Suede Classic is an iconic sneaker loved for its timeless style and comfortable fit, perfect for everyday use.",
      "images": [
        "https://example.com/puma_suede_classic_1.jpg",
        "https://example.com/puma_suede_classic_2.jpg"
      ],
      "category": "Puma"
    },
    {
      "id": "1008",
      "title": "Lacoste Lerond",
      "price": "90",
      "description": "The Lacoste Lerond offers a sleek and sophisticated look with its minimalist design and premium materials, suitable for both casual and formal occasions.",
      "images": [
        "https://example.com/lacoste_lerond_1.jpg",
        "https://example.com/lacoste_lerond_2.jpg"
      ],
      "category": "Lacoste"
    },
    {
      "id": "1009",
      "title": "Adidas NMD_R1",
      "price": "130",
      "description": "The Adidas NMD_R1 combines style and performance with its sock-like construction and responsive Boost cushioning, ideal for urban exploration.",
      "images": [
        "https://example.com/adidas_nmd_r1_1.jpg",
        "https://example.com/adidas_nmd_r1_2.jpg"
      ],
      "category": "Adidas"
    },
    {
      "id": "1010",
      "title": "Nike React Element 55",
      "price": "120",
      "description": "The Nike React Element 55 features a futuristic design and innovative React cushioning technology, delivering all-day comfort and style.",
      "images": [
        "https://example.com/nike_react_element_55_1.jpg",
        "https://example.com/nike_react_element_55_2.jpg"
      ],
      "category": "Nike"
    },
    {
      "id": "1011",
      "title": "Puma RS-X",
      "price": "110",
      "description": "The Puma RS-X offers a bold and chunky silhouette inspired by retro running shoes, enhanced with modern comfort features for everyday wear.",
      "images": [
        "https://example.com/puma_rs_x_1.jpg",
        "https://example.com/puma_rs_x_2.jpg"
      ],
      "category": "Puma"
    },
    {
      "id": "1012",
      "title": "Lacoste Explorateur",
      "price": "120",
      "description": "The Lacoste Explorateur is a versatile sneaker-boot hybrid featuring a rugged design and weather-resistant materials, perfect for outdoor adventures.",
      "images": [
        "https://example.com/lacoste_explorateur_1.jpg",
        "https://example.com/lacoste_explorateur_2.jpg"
      ],
      "category": "Lacoste"
    },
    {
      "id": "1013",
      "title": "Adidas Stan Smith",
      "price": "90",
      "description": "The Adidas Stan Smith is a timeless classic known for its clean and minimalist design, featuring a leather upper and perforated 3-Stripes detailing.",
      "images": [
        "https://example.com/adidas_stan_smith_1.jpg",
        "https://example.com/adidas_stan_smith_2.jpg"
      ],
      "category": "Adidas"
    },
    {
      "id": "1014",
      "title": "Nike Blazer Mid '77",
      "price": "110",
      "description": "The Nike Blazer Mid '77 is a vintage-inspired basketball shoe featuring retro branding and premium suede construction, perfect for streetwear enthusiasts.",
      "images": [
        "https://example.com/nike_blazer_mid_77_1.jpg",
        "https://example.com/nike_blazer_mid_77_2.jpg"
      ],
      "category": "Nike"
    },
    {
      "id": "1015",
      "title": "Puma Clyde Court",
      "price": "120",
      "description": "The Puma Clyde Court is a performance basketball shoe designed for agility and style, featuring lightweight materials and responsive cushioning.",
      "images": [
        "https://example.com/puma_clyde_court_1.jpg",
        "https://example.com/puma_clyde_court_2.jpg"
      ],
      "category": "Puma"
    }
  ],
  "animeClothes":[
    {
      "id": "1",
      "title": "Tanjiro Zenitsu Tshirt",
      "price": 69,
      "description": "123 Elevate your wardrobe with this stylish black t-shirt featuring a striking monochrome mountain range graphic. Perfect for those who love the outdoors or want to add a touch of nature-inspired design to their look, this tee is crafted from soft, breathable fabric ensuring all-day comfort. Ideal for casual outings or as a unique gift, this t-shirt is a versatile addition to any collection.",
      "images": [
        "https://th.bing.com/th/id/OIP.A6V9wvdpOR5IC2CxCZwAowHaHa?w=199&h=199&c=7&r=0&o=5&dpr=1.4&pid=1.7",
        "https://images-cdn.ubuy.co.in/634d0d627c328666c2326475-benksrt-demon-slayer-t-shirt-tanjiro.jpg",
        "https://m.media-amazon.com/images/I/7145UUW8svL.jpgg"
      ],
      "category": {
        "name": "Clothes"
      }
    }
  ]
}
